<?xml version="1.0" encoding="UTF-8"?>

<beans xmlns="http://www.springframework.org/schema/beans"
	xmlns:xsi="http://www.w3.org/2001/XMLSchema-instance"
	xsi:schemaLocation="http://www.springframework.org/schema/beans
           http://www.springframework.org/schema/beans/spring-beans.xsd">

	<!-- a database connection pool bean -->
	<bean name="dbcp" id="dataSource"
		class="org.springframework.jdbc.datasource.DriverManagerDataSource">
		<property name="url" value="jdbc:h2:tcp://localhost/~/slk" />
		<property name="username" value="sa" />
		<property name="password" value="" />
		<property name="driverClassName" value="org.h2.Driver" />
	</bean>
	
	<!-- a dao instance -->
	<bean class="training.dao.impl.JdbcContactsDao" autowire="byName">
		<!-- manual wiring via property injection -->
		<!-- <property name="dataSource" ref="dbcp" /> -->
	</bean>

</beans>









